ReÃ§u avec du retard,"TÃ©lÃ©phone reÃ§u avec du retard, quelques petits impacts trÃ¨s  visible (il devait Ãªtre en excellent Ã©tat), chargeur bas de gamme (dÃ©Ã§u) ,satisfait dans lâ€™ensembleâ€¦",Unnamed: 2
A voir,TÃ©lÃ©phone en super Ã©tat pour un reconditionnÃ© le seul problÃ¨me est lâ€™Ã©tat de la batterie qui est de 85%â€¦,
Garantie,Pas de garantie papier dÃ©Ã§u pour ce motif,
iPhone xr,Bon tÃ©lÃ©phone reÃ§u rapidement juste dÃ©Ã§ue des grosse rayure  sur le tÃ©lÃ©phone sinon le reste marche nickel,
Appareil photo dÃ©fectueux dÃ¨s la rÃ©ception.,"Jâ€™invite toutes personnes se rendant compte dâ€™un dysfonctionnement Ã  retourner lâ€™appareil dans les dÃ©lais de garantie. Faute de quoi, les rÃ©parations seront intÃ©gralement Ã  votre charge. Donc selon mon expÃ©rience ayant eu plusieurs dysfonctionnements tÃ©l que lâ€™appareil photo, puis le micro. Je ne pense pas recommencer le reconditionnement Ã  lâ€™avenir.","5,0 sur 5Â Ã©toiles"
iPhone XR,ReÃ§u en bon Ã©tat. Il fonctionne parfaitement,
Satisfait attention Ã  la batterie tous de mÃªme!?!,"TÃ©lÃ©phone en super Ã©tat mÃªme de qualitÃ© bon,Ã©cran nickel, tÃ©lÃ©phone fonctionnel depuis deux semaines aucun souci Ã  signaler.concernant la livraison trÃ¨s rapide sous deux-trois jours.Seul bÃ©mol la batterie nâ€™est pas changÃ© reÃ§u avec 86% de capacitÃ©,ce qui veux dire pour un iPhone que la batterie et bientÃ´t en fin de vie,cependant le rapport qualitÃ© prix et le plus intÃ©ressant du marchÃ©.",
iPhone XR reconditionnÃ© en bon Ã©tat.,"iPhone XR en Ã©tat  plus que correct, RAS.Bien livrÃ© et dans le temps.","5,0 sur 5Â Ã©toiles"
Top des tops,"RASLivraison rapideLe tÃ©lÃ©phone est en excellent Ã©tat.Il faut faire attention avant d'acheter. Les prix sont diffÃ©rents et Ã§a dÃ©pend de la condition, j'ai payÃ© un peu plus cher pour un en excellent Ã©tat.","5,0 sur 5Â Ã©toiles"
PARFAIT  POUR  LE  PRIX,SITE  TRES  BIEN  JE  RECOMMANDE,"5,0 sur 5Â Ã©toiles"
ReÃ§u avec du retard,"TÃ©lÃ©phone reÃ§u avec du retard, quelques petits impacts trÃ¨s  visible (il devait Ãªtre en excellent Ã©tat), chargeur bas de gamme (dÃ©Ã§u) ,satisfait dans lâ€™ensembleâ€¦",
Super tÃ©lÃ©phone,Acheter pour ma fille de 15 ansEn excellent Ã©tat batterie a 100%,"5,0 sur 5Â Ã©toiles"
Iphone XR comme neuf haut-parleur grÃ©sille.,Le tÃ©lÃ©phone reÃ§u rapidement.Indiquer comme neuf. Le tÃ©lÃ©phone a l'air comme neuf pas de rayure pas de souci apparemment pour la batterie elle tient la charge avoir dans le temps trop tÃ´t pour ce prononcer. âš ï¸ j'ai trouvÃ© un problÃ¨me le son en mode haut-parleur et vraiment mauvaise grÃ©sillement et son pas terrible du tout. Sinon pour le reste en mode communication pas de souci.â—Comme neuf pas dans tout bien vÃ©rifiÃ© tout avant c'est quand mÃªme un petit billet.A bonne entendeur.,
TrÃ¨s bon achat,Ce tÃ©lÃ©phone est parfait. Il est exactement ce Ã  quoi je mâ€™attendais et correspond Ã  la description.,"5,0 sur 5Â Ã©toiles"
Batterie,"Dommage que la batterie ne tienne pas plus longtemps, chargement tous les jours pour un usage normal",
TrÃ¨s content,TÃ©lÃ©phone reconditionnÃ© vraiment comme un neuf ğŸ‘ğŸ»,"5,0 sur 5Â Ã©toiles"
Produit d'occasion parfaitement conforme Ã  sa description (trÃ¨s bon Ã©tat),"Produit d'occasion parfaitement conforme Ã  sa description (trÃ¨s bon Ã©tat), livrÃ© rapidement","5,0 sur 5Â Ã©toiles"
correct,"tres bien , prestation impeccable produit conforme a sa description .","5,0 sur 5Â Ã©toiles"
Excellent tÃ©lÃ©phone,Cadeau dâ€™anniversaire pour mon fils il est super content,"5,0 sur 5Â Ã©toiles"
"Excellent Ã©tat, mais batterie pas origine Apple.","EN remplacement d'un iPhone5 un peu en bout de course.Vraiment rien Ã  redire sur l'Ã©tat, pas de rayure apparente,  mÃªme sur la coque. TrÃ¨s bien emballÃ© et protÃ©gÃ©, avec Ã©cran de protection montÃ©. Fonctionne parfaitement.Serait parfait si la batterie Ã©tait d'origine Apple. Le tÃ©lÃ©phone s'en plaint dÃ¨s le dÃ©marrage et on n'a donc pas d'information sur sa capacitÃ© et son Ã©tat, mais je pense qu'elle a Ã©tÃ© remplacÃ©e dans le cadre du reconditionnement (donc sans doute neuve). J'avais vu des commentaires similaires donc je n'ai pas Ã©tÃ© surpris outre mesure. J'ai hÃ©sitÃ© Ã  le retourner mais la capacitÃ© semble raisonnable (sans doute en dessous de la batterie d'origine quand neuve). Le tÃ©lÃ©phone Ã©tant parfait par ailleurs, j'ai dÃ©cidÃ© de le conserver et je n'ai pas contactÃ© le vendeur. J'aurais tendance Ã  prÃ©fÃ©rer une batterie ""compatible"" de qualitÃ© plutÃ´t qu'une batterie d'origine usÃ©e. Croisons juste les doigts que cette batterie ""clone"" ne dÃ©faille pas (et ne prenne pas feu)... Au pire, je viens de tester un changement de batterie par Apple pour mon iPhone6 et le prix est raisonnable pour un service impeccable.La question de la batterie pas d'origine devrait Ãªtre mentionnÃ©e dans les caractÃ©ristiques, le prix est quand mÃªme Ã©levÃ©. Je retire une Ã©toile pour Ã§a.",
Bon Produit,"TrÃ¨s content le tÃ©lÃ©phone est arrivÃ© 2 jours avant la date prÃ©vu, le recommande. Il y a avait mÃªme le chargeur dans la boite d'origine avec protection de l'Ã©cran",
Livraison rapide,Acheter pour mon fils pour l'instant fonctionne trÃ¨s bien et il est content.Le prix est raisonnable.Merci au vendeur,
iPhone xr,TÃ©lÃ©phone en parfait Ã©tat ğŸ‘,"5,0 sur 5Â Ã©toiles"
Bien maisâ€¦..,"TÃ©lÃ©phone reÃ§u en 24 heures. ğŸ‘ğŸ»Ã‰tat irrÃ©prochable, pas une rayure. ğŸ‘ğŸ»En revanche la capacitÃ© de la batterie est Ã  90 % donc pas neuve. ğŸ‘ğŸ»Jâ€™espÃ¨re au moins que câ€™est une batterie dâ€™origine sinon je risque de la changer rapidement.â€¦Seul petit point a redire mais connaissant la durÃ©e des batteries et surtout celle qui ne sont pas dâ€™origineâ€¦. Dommage",
Excellent produit,Câ€™est mon 2Ã¨me iPhone XR mais le premier reconditionnÃ©.Livraison un peu longue par rapport Ã  dâ€™autres produits commandÃ©s sur le site.Le chargeur chauffe un peu plus que mon ancien chargeur mais rien dâ€™embÃªtant.Le produit fonctionne parfaitement aprÃ¨s plusieurs mois dâ€™utilisation,
CamÃ©ra arriÃ¨re fonctionne pas,DÃ©Ã§u du produit mais dans l'ensemble tour fonctionne sauf la camÃ©ra arriÃ¨re,
DÃ©Ã§u,"Achat le 10 dÃ©cembre ( cadeau de noÃ«l ) donc utiliser le 25 dÃ©cembre. Nous sommes le 24 fÃ©vrier , au bout de 2 mois dÃ©jÃ  trop de souci pour un reconditionner . Visuellement rien a dire aucune griffe . Mais son utilisation nul . Lâ€™iPhone sâ€™Ã©teint et sâ€™allume plusieurs fois dâ€™affilÃ©e sans aucune raison donc la batterie se vide trÃ¨s vite . L iPhone se fige sur lâ€™Ã©cran de lâ€™appareil photo sans raison, le son de lâ€™iPhone baisse lorsquâ€™il sâ€™allume et reste bah lorsque jâ€™essaie de le monter avec les boutons du volume.Un remboursement a Ã©tÃ© demandÃ©s car garantie amazon 1 an j attend la suite .",
dommage que la batterie n est pas neuf,dommage que la batterie n est pas neuf,
Batterie,"iPhone correspond, neuf. Cependant reÃ§u avec 83% de batterie dÃ©Ã§u Ã  ce niveau â€¦ prÃ©voir le changement dâ€™une batterie dans pas longtempsâ€¦. Attention sur ce point â€¦.",
Le tÃ©lÃ©phone est magnifique et la qualitÃ© de la camÃ©ra aussi je vous le conseille en noir,Le tÃ©lÃ©phone est magnifique et la qualitÃ© de la camÃ©ra aussi je vous le conseille en noir,"5,0 sur 5Â Ã©toiles"
N'ACHETER PAS CE PRODUIT !! ARNAQUE,"bonjour n'acheter surtout pas ce produit, c'est une arnaque. J'ai achetÃ© a 349â‚¬. Je l'ai reÃ§u dans une boite de tirelire de la marque en noir alors que de base javais commandÃ© en corail et lorsque je l'ai ouvert l'Ã©cran Ã©tait railler sur 2 trait. et la camÃ©ra frontale endommagÃ©. Dans la boite il n'y avait que un cable chargeur qui ma completement lacher au bout de 2 jours et il ne chargeait meme pas. 26 % en 4H, et rien dautre de ce qu'il mette dans la description du produit comme le retire sim ou la tete de chargeur. De plus la capacitÃ© de la batterie elle etait a 78% alors que jai acheter le excellente Ã©tat. D'autant plus que jai utiliser ce tÃ©lÃ©phone pendant 1 an par obligation de la pÃ©riode scolaire oÃ¹ le tÃ©lÃ©phone est important. Pendant ces 10 mois d'utilisage je peux vous dire que le tÃ©lÃ©phone m'a causÃ© de sacrÃ©e problÃ¨me. EN effet sur la camÃ©ra arriere il y avait des point noir quelques temps puis par la suite il a commencer, a ne plus recevoir d'appel, ou coupait en plein appel. Pour les photos, la camÃ©ra arriere beuguait beaucoup parfois l'Ã©cran se noircissait et la camÃ©ra frontale un vrai dÃ©sastre Ã©tait tout flou on ne voyait meme plus les couleurs sur les photos. Au fur et a mesure du temps javais encore plus de problÃ¨me comme le gel de l'ecran ou la luminositÃ© qui baisse a fond et l'ecran se fixe je ne pouvais pas l'eteindre ou changer de page. La batterie ne tenait pas du tout alors que je n'avais quasiment aucune appli installer. et encore plus de problÃ¨me que je ne cite meme pas.Maintenant ca fait 10 mois que jai acheter ce tÃ©lÃ©phone et je l'ai retournÃ© mais pour le remboursement le vendeur veut me rembourser que 2/3 du prix auquel jai acheter. et je ne comprends pas pourquoi le vendeur ne rembourse meme pas la totalitÃ© d'un appareil envoyer deffectueux alors qu'il y a la garantit.",
La qualitÃ© du produit,Pour offrir.Produit impeccable,"5,0 sur 5Â Ã©toiles"
TrÃ¨s bien maisâ€¦,"Jâ€™ai achetÃ© cet iPhone en excellent Ã©tat et le tÃ©lÃ©phone ras trÃ¨s propre pas de rayures comme neuf , petit bÃ©mol lâ€™emballage Ã©tait une dans une boÃ®te cartonnÃ©e jâ€™aurais prÃ©fÃ©rÃ© dans une boÃ®te de tÃ©lÃ©phone.","5,0 sur 5Â Ã©toiles"
Reconditionnement trÃ¨s moyen,"ProblÃ¨me pour le mettre en charge, le chargeur rentre trÃ¨s mal et charge une fois sur deux !!!Le tactile est limiteâ€¦ il faut appuyer trÃ¨s fort et ne fonctionne pas toujours !!! Grade Ã€ ????",
la livraison,colis retrouver dans la cour et pas dans la boite aux lettres(normalisÃ©e) comme indiquÃ©.le chargeur ne fonctionne pas .les ecouteurs sont defectueux (enormement de gresillement).apres le telephone est top .,
Excellent Ã©tat,il est comme neuf camera un peu endommagÃ© mais ne trouble pas la qualitÃ© de la photo,"5,0 sur 5Â Ã©toiles"
Conforme,Je suis vraiment contente de ce premier achat en reconditionnÃ© tout est parfait lâ€™Ã©cran tactile sans griffe un petit Ã©clat sur le cÃ´tÃ© mais ce nâ€™est pas gÃªnant Ã§a se voit Ã  peine je suis super contente bon je devais le recevoir samedi je lâ€™ai eu aujourdâ€™hui mais il est tellement beau que Ã§a me rÃ©jouit Jâ€™avais lâ€™iPhone SE Ã§a a Ã©tÃ© trÃ¨s facile pour basculer sur iPhone XR,"5,0 sur 5Â Ã©toiles"
Joli tÃ©lÃ©phone mais plusieurs dÃ©fauts importants,"Le tÃ©lÃ©phone reconditionnÃ© est en excellent Ã©tat extÃ©rieur, aucun dÃ©faut, Ã©cran impeccable. Bien prÃ©sentÃ© dans une boÃ®te.BÃ©mol : il se dÃ©charge beaucoup trop rapidement c'est dommage !DeuxiÃ¨me grave dÃ©faut : haut parleur dÃ©fectueux quand on passe un appel, les gens n'entendent rien c'est trÃ¨s embÃªtant pour un tÃ©lÃ©phone censÃ© Ãªtre en excellent Ã©tat.Grosse dÃ©ception nous l'avons retournÃ©.Par contre, la procÃ©dure de retour et le remboursement se sont passÃ©s sans problÃ¨me. C'est apprÃ©ciable.",
Pas vraiment excellent Ã©tat,Vraiment dÃ©Ã§u le tÃ©lÃ©phone devait Ãªtre excellent Ã©tat sauf que malheureusement le tÃ©lÃ©phone est arrivÃ© sale pas vraiment reconditionnÃ© ou nettoyÃ© pour moi câ€™est un appareil niveau bon Ã©tat . Haut parleur avec une tache dedans voir photos et rayures dans le verre  sur Ã©cran . Vendeur Moonenergy a quand mÃªme offert une coque et il a Ã©tÃ© livrÃ© avec chargeur et Ã©couteur le tout dans une boÃ®te . Jâ€™ai du nettoyer tout le tÃ©lÃ©phone le dÃ©crasser a fond je suis satisfaite de moi car jâ€™y suis arrivÃ© et maintenant  il est propre les hauts parleurs aussi . La batterie est Ã  86%,
TrÃ¨s bien,TrÃ¨s bien pour le prix.ReÃ§u comme neuf. Aucune rayure ou impact.Seul pb : une mauvaise qualitÃ© des appels notamment pour les appelants qui mâ€™entendent trÃ¨s mal. Dommageâ€¦,
DÃ©Ã§u,"DÃ©Ã§u, 2 Ã©toile uniquement car je l'ai reÃ§u plus tÃ´t et que j'ai rÃ©ussi Ã  le faire fonctionner. Le tÃ©lÃ©phone restait bloquÃ©e dans la configuration du pays, obligÃ© d'utiliser iTunes pour le mettre Ã  jour, l'Ã©tat de batterie Ã©galement est Ã  90% alors que j'ai commandÃ© ce tÃ©lÃ©phone en excellent Ã©tat, la seule chose sur la quelle je n'ai rien a redire est l'Ã©tat du tÃ©lÃ©phone en lui mÃªme qui est lui excellent, bref si vous voulez un iPhone reconditionner acheter chez un autre vendeur car de plus il ne rÃ©pond pas lorsque l'on essaye de le contacter.",
Batterie Ã  82%,TÃ©lÃ©phone en trÃ¨s bon Ã©tat quelques rayures lÃ©gÃ¨res sur les cÃ´tÃ©s comme annoncÃ©e. assez dÃ©Ã§ue de la batterie Ã  82% car certains commentaires laissez pensez quâ€™elle Ã©tait parfois totalement neuve mÃªme en reconditionner car le vendeur prenez la peine de la changer. Aucun arrangement trouver avec le vendeur en ce sens.,
Produit conforme Ã  la description.,"Produit trÃ¨s propre, quelques rayures superficielles (produit reconditionnÃ©).Je ne peu pas dire si le produit est Ã©tanche.TrÃ¨s satisfait de mon achat.","5,0 sur 5Â Ã©toiles"
Super,"Super tÃ©lÃ©phone je lâ€™ai encore aprÃ¨s quelques annÃ©esLes mises Ã  jours se font bienRien Ã  dire câ€™est un IPhone, donc un produit de qualitÃ©","5,0 sur 5Â Ã©toiles"
iPhone red 64 go ğŸ‘,"Produits en excellent Ã©tat, lâ€™Ã©tat de la batterie 100% je mis attendait pas du tout va nickel juste de temps en temps des petit bug mais je pense que  Câ€™est juste mon verre trempÃ© si non il est super je recommande muis",
Livraison rapide,Ã‰cran un peu abÃ®mÃ© pour un excellent Ã©tat mais dans lâ€™ensemble rien Ã  dire. A voir Ã  la durÃ©e,
ReÃ§u tel en blanc! Au lieu de bleu la modification doit Ãªtre faite pour ma garantie,,
ReÃ§u en prioritaire mais 1 semaine dâ€™attente au lieu de 3 jours,"Produit conforme sans aucun bug ou autre , le seul petit dÃ©faut câ€™est que la peinture du cercle  alentour de lâ€™appareil photo est un peu niquÃ© mais sa se voit mÃªme pas. Super tÃ©lÃ©phone en tous cas , jâ€™avais vu des commentaires nÃ©gatifs sur le site du revendeur sur Google mais jâ€™ai achetÃ© avec Amazon donc jâ€™Ã©tais sÃ»r dâ€™Ãªtre remboursÃ© au cas oÃ¹ je retourner lâ€™article mais enfaite se sont juste des avis inutile car le tÃ©lÃ©phone est parfait ğŸ˜‰",
MalgrÃ© plusieurs essais Apple est compliquÃ© Ã  installer. Mon fils passera pour m'aider,"Mon portable est bloquÃ© donc j'ai achetÃ© par votre intermÃ©diaire un iPHONE Apple. J'ai envoyÃ© 2 mails au vendeur et toujours sans rÃ©ponse. Cela fait 4 jours et mÃªme avec l'aide d'un ami et de mon fils sur Facebook je tÃ©lÃ©phone reste bloquÃ©, il est affichÃ© : IPHONE INDISPONIBLE !! J'ai absolument besoin d'aide, je ne peux plus passer de commandes par CB, voir mes mails, SMS, mes contacts les appeler !","5,0 sur 5Â Ã©toiles"
Bien mais pas en excellent Ã©tat,"L'iphone est bien mais clairement pas en excellent Ã©tat comme promis sur l'annonce, il y a des micro rayures sur l'Ã©cran visibles au soleil et un petit impact sur le bas de l'Ã©cran, que des petites futilitÃ©s mais le plus important, ce qui me fais mettre 3 etoiles, l'Ã©tat de la batterie n'est qu'Ã  83% ce qui est assez bas, bien sur il ne faut pas s'attendre a neuf quand on paye du reconditionnÃ© et vu le prix j'en suis satisfaite pour le moment!!En revanche, il est tres beau, il est arrivÃ© trÃ¨s vite (2jours), et tout le reste est en excellent Ã©tat (arriere et tour du telephone) tout fonctionne correctement,je le garde, a voir dans le temps",
IPHONE XR,Contente de mon achat IPhone XR reconditionner reÃ§u avant la date prÃ©vu.AprÃ¨s une semaine d utilisation rien a signaler batterie nickel â€¦Je recommande se vendeur .,"5,0 sur 5Â Ã©toiles"
Il et gÃ©nial,Il et gÃ©nial,"5,0 sur 5Â Ã©toiles"
Comme neuf !,"CommandÃ© en remplacement d'un autre XR 128, dÃ©jÃ  commandÃ© sur Amazon en reconditionnÃ© Renewed. Le prÃ©cÃ©dent avait un problÃ¨me au niveau de la camÃ©ra selfie. Service client rÃ©actif et compÃ©tent comme toujours, c'est ce qui avait orientÃ© mon choix dÃ¨s la premiÃ¨re fois. Cette fois encore, le produit est arrivÃ© avec de l'avance par rapport Ã  la date indiquÃ©e, colis remis contre signature, emballage impeccable avec de quoi le protÃ©ger des pires livreurs ;-) Le coffret est spÃ©cifique aux produits Renewed (noir mat) et le produit est vÃ©ritablement impeccable, pas la moindre trace ou la moindre griffe. A l'ouverture le plaisir est identique a un produit neuf le jour de sa sortie. Bravo pour le cahier des charges de vos reconditionnÃ©s et le choix des vendeurs, c'est un sans faute !","5,0 sur 5Â Ã©toiles"
Peut Ãªtre se renseigner sur le stock...,Bonjour CommandÃ© en jaune et le lundi matin jâ€™ai Ã©tÃ© contactÃ© par le vendeur quâ€™il nâ€™Ã©tait plus disponible en jaune ilne reste que le coloris corail aprÃ¨s hÃ©sitation je lâ€™ai commandÃ© quand ( cadeau pour mon Ã©pouse je dois dire que le service commercial est trÃ¨s trÃ¨s bien ils mâ€™ont mÃªme inviter Ã  lâ€™annulation de la commande ...le tÃ©lÃ©phone est bien arrivÃ© le lendemain en parfait Ã©tat de marche ..//comme tout neuf ..:il y a 2 choses qui ne fonctionnent pas les Ã©couteurs .::et Apple me signale que peut Ãªtre que la batterie nâ€™est peut Ãªtre pas dâ€™origine ...:donc message permanent dans rÃ©glages...en revanche elle tiens trÃ¨s bien la charge sur 2 jours...je recommande quand mÃªme ce vendeur car le service commercial est trÃ¨s bon...(jâ€™ai eu une vitre de protection offerte./),
TÃ©lÃ©phone portable,Ceux qui utilisent Apple comprennent mon Ã©valuation !,"5,0 sur 5Â Ã©toiles"
ReconditionnÃ© Ã  l'Ã©tat neuf comme indiquÃ© dans l'annonce,Le tÃ©lÃ©phone reÃ§u ne prÃ©sente aucun dÃ©faut esthÃ©tique et fonctionne parfaitement. Il est bien reconditionnÃ© Ã  l'Ã©tat neuf.,"5,0 sur 5Â Ã©toiles"
Impeccable,"mon seul bÃ©mol sera la livraison de cet iPhone sans clÃ© pour ouvrir le tiroir de la carte sim!J'avais celle de mon prÃ©cÃ©dent iPhone mais Ã§a fait Ã©conomie de bouts de chandelle!Sinon Ã©tat impeccable,cable USB et chargeur fournis(non d'origine mais qu'importe).Et emballage trÃ¨s protecteur.","5,0 sur 5Â Ã©toiles"
ProblÃ¨me face id et carte sim,"Bonjour, face ID ne marche pas sur son tÃ©lÃ©phone il y a un message d'Ã©crit d'Apple comme quoi le tÃ©lÃ©phone doit Ãªtre rÃ©parÃ©, et les cartes SIM Bouygues Telecom ne sont pas reconnu sur ce tÃ©lÃ©phone",
TÃ©lÃ©phone parfait mais vitre rayÃ©e...,"Jâ€™ai achetÃ© chez le vendeur pro The Kase un iPhone XR 64go RED. Câ€™est la premiÃ¨re fois que jâ€™achÃ¨te un tÃ©lÃ©phone reconditionnÃ©. Lorsque jâ€™ai ouvert la boÃ®te trÃ¨s soignÃ©e, jâ€™ai enlevÃ© ensuite le film protecteur du tÃ©lÃ©phone et la je remarque direct que la vitre est rayÃ©e.... câ€™est pas les rayures qui se sentent au toucher. Mais ces rayures se voient beaucoup : Ã§a fait des lignes trÃ¨s visibles lors de lâ€™utilisation du tÃ©lÃ©phone. Jâ€™ai ensuite testÃ© la batterie qui est a 100% dâ€™aprÃ¨s la vie des vis en bas du tÃ©lÃ©phone la batterie a dÃ» Ãªtre remplacÃ©e. les boutons volumes marche arrÃªt et sonnerie fonctionnent, les hauts parleurs fonctionnent parfaitement bien, le son sort aussi par le haut parleur en haut par rapport Ã  mon 5s Ã§a change. Les deux objectifs fonctionnent trÃ¨s bien en photo ou vidÃ©o. La carte SIM fonctionne je peux envoyer des sms et passer des appels. Face ID fonctionne bien.Enfait : TOUT fonctionne bien SAUF la vitre qui est rayÃ©e.... (Et un mini poc dâ€™1 mm en haut est visible mais non gÃªnant pour un reconditionnÃ©).Mais la vitre quoi. Je suis dÃ©Ã§u... jâ€™ai directement fait une demande de retour du produit. Jâ€™espÃ¨re que je nâ€™aurai pas de problÃ¨me avec le vendeur",
Ecran rayÃ© et batterie non reconnue,"Bonjour,DÃ©Ã§u, premiÃ¨re fois que je tente un reconditionnÃ© en ""Excellent Ã©tat"", malheureusement j'ai reÃ§u l' Iphone XR avec l'Ã©cran rayÃ© (5cm) sous la vitre de protection qui masquait partiellement la rayure.Il est Ã©galement affichÃ© un message de batterie non reconnue.Ne correspond absolument pas avec un produit neuf/Excellent Ã©tat.L'envoi du colis a Ã©tÃ© rapide, reÃ§u en 48H, bien emballÃ©.Vendu dans un emballage gÃ©nÃ©rique avec tout ses accessoires fonctionnels, non d'origine, comme indiquÃ©.Le tÃ©lÃ©phone ne prÃ©sente aucune rayure au dos.Micro Ã©corchure sur le haut mais conforme car non visible Ã  30 centimÃ¨tres de distanceL'Ã©cran a une rayure de 5cm de long en travers, visible allumÃ© comme Ã©teint.",
ğŸŒŸğŸŒŸğŸŒŸ,âœ¨âœ¨âœ¨,"5,0 sur 5Â Ã©toiles"
LE BON FONCTIONNEMENT,"TrÃ¨s bon tÃ©lÃ©phone ,pour mon fils la qualitÃ© de la marque et la livraison AMAZON.","5,0 sur 5Â Ã©toiles"
IPhone XR,"TÃ©lÃ©phone livrÃ© trÃ¨s rapidement en 72h,  bien emballÃ© dans une boÃ®te blanche livrÃ© avec chargeur.  Le tÃ©lÃ©phone est quasi neuf,aucune anomalie Ã  l'Å“il nu,  aucune micro rayure ni sur l Ã©cran ni sur la coque,  la batterie charge a 88%. Ravie de mon achat,Ã  voir dans le temps maintenant .","5,0 sur 5Â Ã©toiles"
AdÃ©quate,Nickel,"5,0 sur 5Â Ã©toiles"
IPhone XR Prime Recycle,"Le produit est conforme Ã  sa description, lâ€™iPhone est en trÃ¨s bon Ã©tat, malgrÃ© les bords en aluminium qui sont allumÃ©. Cela ne me pose pas de problÃ¨me car avec une coque on ne voit plus rien. La capacitÃ© de la batterie est de 94% ce qui me rÃ©jouis. Le tÃ©lÃ©phone marche impeccablement et la livraison Ã©tait prÃ©vu sous 3jours mais le tÃ©lÃ©phone est arrivÃ© en 24h. La boÃ®te du tÃ©lÃ©phone est de prime recycle et possÃ¨de des Ã©couteurs, le cÃ¢ble et le chargeur. BoÃ®te trÃ¨s conforme.",
"TrÃ¨s bien, conforme Ã  mes attentes, je recommande !","TrÃ¨s bien, conforme Ã  mes attentes, je recommande !","5,0 sur 5Â Ã©toiles"
Totalement comment les images ğŸ¥°ğŸ‘ŒğŸ¼,"Le produit multimÃ©dia n'a pas pu Ãªtre chargÃ©.
                



Â Je achate pour oufrir ducoup j'en suis pas capable de dire grand choses ğŸ˜…. Mais que le tÃ©lÃ©phone est beau oui et il marche bien. Merci!",
"Ã‰tat neuf, rien Ã  redire !","Jâ€™ai achetÃ© cet iPhone XR corail en reconditionnÃ© pour ma femme malgrÃ© quelques avis nÃ©gatifs, donc jâ€™avais un peu peur, mais sans regret ! Il est superbe, il nâ€™y a pas la moindre rayure on dirait vraiment un neuf! Toutes les fonctionnalitÃ©s sont OK. Alors oui la boÃ®te et le chargeur ne sont pas dâ€™origine mais tout fonctionne, donc aucun problÃ¨me.CapacitÃ© de la batterie affichÃ©e Ã  91% . Donc câ€™est trÃ¨s bien . ReÃ§u en 48h,  Je recommande Ã  100% car au niveau de la qualitÃ© le prix est imbattable.","5,0 sur 5Â Ã©toiles"
Parfait,Parfait je recommande ;) top,"5,0 sur 5Â Ã©toiles"
ApprÃ©ciable,iPhone en excellent Ã©tat mis Ã  part de minuscules rayures dâ€™usage.Mais Ã´ surprise je change le verre trempÃ© et que vois-je ? Des rayures sur lâ€™Ã©cran.DÃ©Ã§u....Passons ce petit dÃ©tail car force est de constater que mis Ã  part cela lâ€™iPhone est dans un Ã©tat irrÃ©prochable les contours nâ€™ont aucun impact lâ€™arriÃ¨re est magnifique tout fonctionne sans problÃ¨me et la batterie est Ã  98 % de capacitÃ© optimal pour ce prix je suis dÃ©solÃ© Ã§a reste un excellent rapport qualitÃ© prix car câ€™est tout de mÃªme 150 â‚¬ moins cher qu'un neuf et surtout nâ€™oublions pas que les infime rayures que jâ€™ai pu constater sur lâ€™Ã©cran sont automatiquement cachÃ© lors ce que lâ€™on utilise un verre trempÃ© ce que je recommande.Mais vous devez savoir ce que vous achetez ce nâ€™est pas un neuf forcÃ©ment .Moi je le sais et du coup je suis quand mÃªme satisfait.,
Produit,"Un super bon produit , reÃ§u en temps et en heure , super bon qualitÃ© prix donc satisfait de mon premier tÃ©lÃ©phone achetÃ© sur Amazon , jâ€™apprÃ©hendais mais rassurai du coup",
BON RAPPORT QUALITE PRIX,ALORS RAPORT QUALITE PRIX AU TOP TRES JOLIE COULEUR VENDEUR SERIEUX,"5,0 sur 5Â Ã©toiles"
.,"Le tÃ©lÃ©phone marche trÃ¨s mal , la batterie a des problÃ¨mes, lâ€™Ã©cran beug le tactile aussi , ne pas acheter vendeur malhonnÃªte dis que le tÃ©lÃ©phone a Ã©tait ouvert alors que non , ne pas acheter cette article",
"Parfait, trÃ¨s satisfaite pour du reconditionnÃ©","Premier achat d'un iPhone reconditionnÃ©, je l'ai pris pour ma fille et cela fait 2 mois qu'elle l'utilise et il fonctionne parfaitement bien. L'Ã©cran est nickel.Le chargeur n'est pas un Apple mais fonctionne trÃ¨s bien.","5,0 sur 5Â Ã©toiles"
Reception rapide - Etat discutable,"TÃ©lÃ©phone reÃ§u beaucoup plus rapidement que prÃ©vu, ca c'est le bon pointEn revanche, l'appareil dÃ©finit comme en excellent Ã©tat est rayÃ© sur les cotÃ©s, Ã©cran avec une rayure Ã©galement et arriÃ¨re de l'appareil avec plein de traces (comme de la colle), on est plus vraiment sur de l'excellent Ã©tat mais sur du bon Ã©tat ... donc le prix n'est pas si avantageux que cela.L'Ã©tat de santÃ©  de la batterie est de 95%",
HORRIBLE,"Jâ€™ai reÃ§u le tÃ©lÃ©phone 1 jour aprÃ¨s la date prÃ©vu. En ouvrant le colis, tout paraÃ®t nickel. En allumant le portable je mâ€™aperÃ§ois que lâ€™image est toute floue, et le tactile ne rÃ©pond pas.Et le petit plus, pour couronner le tout, le vendeur nâ€™accepte pas de remboursement ses clients.",
Vitre arriÃ¨re rayÃ©,"ReÃ§u en 3 jours livraison parfaite, le tÃ©lÃ©phone est arrivÃ© dans une boÃ®te qui nâ€™est pas celle dâ€™origine. Ã‰couteurs chargeur fourni avec  qui sont fonctionnel. Plein de petite rayure Ã  lâ€™avant et Ã  lâ€™arriÃ¨re du tÃ©lÃ©phone plus une grosse fissure Ã  lâ€™arriÃ¨re rendant les fonctions de celle ci inutilisable. Lâ€™Ã©tat de la batterie et de 89% ceux qui est plutÃ´t dÃ©cevant. Mise Ã  part le tÃ©lÃ©phone est fonctionnel",
Super,Super produit reÃ§u trÃ¨s bien emballÃ© et en bon Ã©tat,"5,0 sur 5Â Ã©toiles"
"Article reconditionnÃ©, Ã©tat supposÃ© ""trÃ¨s bon"", marques d'usage mais solution vite trouvÃ©e","Des traces d'impact saillantes (voir les photos) pour un Ã©tat supposÃ© ""trÃ¨s bon"" m'ont dÃ©Ã§u. Mais le service aprÃ¨s-vente a Ã©tÃ© rÃ©ellement rÃ©actif et efficaceâ€¯; une solution a pu Ãªtre trouvÃ©e.",
"Mauvais microphone, mauvaise batterie, pas dâ€™Ã©tanchÃ©i",Jâ€™ai bien reÃ§u mon produit et celui-ci Ã©tait bien emballÃ©. Tout commencer bien. Jâ€™ai Ã©tÃ© agrÃ©ablement surpris pour mon 1er reconditionnÃ©â€¦Puis par la suite jâ€™ai vu quâ€™il nâ€™Ã©tait pas Ã©tanche sur le haut-parleur du haut car je voyais la lumiÃ¨re de lâ€™Ã©cran LCD qui passe Ã  travers.Par la suite câ€™Ã©tait la qualitÃ© du microphone qui Ã©tait non adÃ©quate ainsi que la batterie car pas de bonne qualitÃ© aussiâ€¦ Donc coupure du smaprtone Ã  10% de batterie. Je vais donc demander unremplacement. Dommage pour cette 1er fois.,
Reconditionnement douteux,"AchetÃ© en fÃ©vrier en AoÃ»t l'Ã©cran lache, dÃ©sagrÃ©able mais Ã§a arrive.Je dÃ©monte pour le changer et la l'Ã©cran n'est pas collÃ© pas de joint d'Ã©tanchÃ©itÃ© et deux vis tombent du tÃ©lÃ©phone...C'est Ã§a reconditionnÃ© ?","5,0 sur 5Â Ã©toiles"
Parfait,Fonctionnel et en bonne Ã©tat,"5,0 sur 5Â Ã©toiles"
Au top.,"CommandÃ© deux fois en rouge , puis en blanc rÃ©cemment tÃ©lÃ©phone toujours en excellent Ã©tat , fonctionnel et sans dÃ©fauts , je nâ€™ai jamais eu aucuns soucis , je conseille ce vendeur.","5,0 sur 5Â Ã©toiles"
Etat general pas tout a fait exellent,"je met 3 Ã©toiles car Prix plutÃ´t intÃ©ressant mais il Ã©tait dÃ©crit excellent Ã©tat. A son arrivÃ©e, il a des impacts sur le contours qui se voient plutÃ´t bien.  capacitÃ© batterie Ã  89%. sinon fonctionne bien",
Rien a dire,"Vraiment top, aucun dÃ©faut","5,0 sur 5Â Ã©toiles"
Parfait,Je recommande.iPhone reÃ§u comme neuf. Jâ€™ai toujours pris mes tel reconditionnÃ©s sur autre site trÃ¨s connu et toujours trÃ¨s dÃ©Ã§u â€¦ plusieurs mois que jâ€™ai celui ci et aucuns soucis.,"5,0 sur 5Â Ã©toiles"
iPhone,Le tÃ©lÃ©phone est pas neuf la coque est abÃ®mÃ©,
iPhone bleu,ProblÃ¨me micro mais  plutÃ´t content.,
Rien Ã  dire impeccable,TÃ©lÃ©phone dans un Ã©tat esthÃ©tique impeccable. Aucune trace de quoi que ce soit ni sur la coque ni sur lâ€™Ã©cran. On dirais un neuf. Rapide. Bon rapport qualitÃ© prix. Fait tourner iOS 15 sans aucun problÃ¨me. ğŸ‘ŒğŸ½ Magnifique en rouge.,"5,0 sur 5Â Ã©toiles"
.,1 mois dâ€™utilisation et LÃ©a touche du volume reste coincÃ©. Du coup je ne peux pas lâ€™utiliser.,
Attention a qui est le vendeur !!,"J'ai achetÃ© un 1er iPhone Via MZS selected ( coup de chance...) il Ã©tait impeccable, on aurait pu croire du neuf.Pour Noel, on a voulu offrir un tÃ©lÃ©phone on n'a pas fait attention au revendeur  (Phone Recycle Business) l'Ã©tat Ã©tait vraiment dÃ©plorable, trÃ¨s loin de la description Amazon  (rayures latÃ©rales, fissures de la vitre arriÃ¨re et complÃ¨tement rayÃ© au point de rechargement). Amazon a Ã©tÃ© top pour le retour.Nous l'avons recommandÃ© via MZS selected, et la nous avons reÃ§u un iPhone impeccable. On ne l'a pas encore dÃ©marrer ca sera pour noel, mais je ne suis pas inquiÃ¨te","5,0 sur 5Â Ã©toiles"
TrÃ¨s satisfaite De mon achat,"ReÃ§u en deux jours au lieu de trois, le tÃ©lÃ©phone est arrivÃ© impeccable pas de rayures ni griffures sur lâ€™Ã©cran, il est fourni dans une boÃ®te bidon avec chargeur et Ã©couteurs bidon mais pour un tÃ©lÃ©phone reconditionnÃ© câ€™est normal. Un peu de mal Ã  mâ€™y habituer car je passe dâ€™un iPhone 8 Ã  celui-ci mais jâ€™aime beaucoup je suis trÃ¨s satisfaite.Le seul point nÃ©gatif câ€™est lâ€™Ã©tat de la batterie qui est Ã  89% jâ€™aurais prÃ©fÃ©rÃ© plus mais Ã©tant donnÃ© le prix câ€™est normal. En tout cas je le recommande Ã  100% car il est de superbe qualitÃ© que ce soit au niveau esthÃ©tique, image ou audio",
Article comme neuf,"TÃ©lÃ©phone reÃ§u ce jour, parfaitement bien emballÃ© avec tous ses accessoires. Chargeur et Ã©couteurs.Article comme neuf, sans aucune micro rayures. Batterie Ã  90 % de sa capacitÃ©.Appairage avec un Iphone 6 s rÃ©alisÃ© avec succÃ¨s en quelques minutes.Je recommande ce vendeur.","5,0 sur 5Â Ã©toiles"
TÃ©lÃ©phone inutilisable,"TÃ©lÃ©phone commandÃ© en grade Â«Â excellent Ã©tatÂ Â». EsthÃ©tiquement parlant, il Ã©tait comme neuf. Cependant, une fois le tÃ©lÃ©phone dÃ©marrÃ©, impossible de passer des appels avec lâ€™Ã©couteur interne tellement le son Ã©tait dÃ©formÃ© et inaudible. ObligÃ© de basculer en HP pour pouvoir suivre une conversation. CapacitÃ© batterie reÃ§u Ã  82%.Retour produit dÃ©fectueux en Irlande Ã  la charge du client  via recommandÃ© postal.Pour ma part, tentative dÃ©cevante dâ€™acheter un reconditionnÃ©.",
Parfait,"Produit reconditionnÃ© de bonne qualitÃ© , aucune rayure . Fonctionne parfaitement . TrÃ¨s satisfait",
Bon produit,Je suis content du tÃ©lÃ©phone le problÃ¨me est le haut parleur qui nâ€™est pas de trÃ¨s bonne qualitÃ© et aussi le son qui sort des deux haut parleurs en bas du tÃ©lÃ©phone le son nâ€™est pas terrible aussi dÃ©Ã§u de la batterie Ã  89% pour tout le reste je suis totalement satisfait du tÃ©lÃ©phone tout fonctionne parfaitement bienJuste faire des efforts sur lâ€™emballage tres slim et ouvert mais Ã§a câ€™est plus du cÃ´tÃ© des livreurs qui faut voir car câ€™est de plus en plus courant,
Produit conforme Ã  la description et de trÃ¨s bonne qualitÃ©.,"J'ai commandÃ© ce tÃ©lÃ©phone il y a 2 jours et il est arrivÃ© aujourd'hui, donc la livraison est trÃ¨s rapide. De plus, le tÃ©lÃ©phone est intact, pas de rayures ou petites cassures et il est arrivÃ© avec des Ã©couteurs et un chargeur. La capacitÃ© de la batterie est de 97%, ce qui est pas mal pour un tÃ©lÃ©phone reconditionnÃ©. Je recommande vivement.","5,0 sur 5Â Ã©toiles"
iphone xr reconditionner,"j'ai bien reÃ§u mon iphone xr bleu il est impeccable proche du neuf mais assez dÃ©Ã§u car sans Ã©couteur je ne comprend pas pourquoi car le vendeur ne me la pas stipuler le pourquoi il n'y a pas les Ã©couteurs suite au Ã©change en message est personnellement au prix que l'on paye se type de tÃ©lÃ©phone ( mÃªme que je suis d'accord que c'est un reconditionner ) mais c'est pas pour se que ca vaut des Ã©couteurs c'est quand mÃªme la petite touche que le professionnel peut marquer des point sur sont sÃ©rieux pour pas grand chose, mais le iphone est parfait !",
ReÃ§u avec des impacts et rayures importantes,"Jâ€™ai reÃ§u le colis comme convenu dans les temps, cependant quâ€™elle ne fut pas ma surprise en vÃ©rifiant lâ€™Ã©tat du tÃ©lÃ©phone :- gros impact sur la tranche du tÃ©lÃ©phone avec plusieurs rayures assez marquÃ©es.- problÃ¨me dâ€™affichage sur lâ€™Ã©cran, en effet un logo dâ€™application reste affichÃ© peut importe le moment comme si lâ€™Ã©cran Ã©tait de mauvaise facture.Assez dÃ©Ã§u de dÃ©penser prÃ¨s de 400â‚¬ pour un tÃ©lÃ©phone dit de grade A.",
Un bon produit rÃ©conditionnÃ© pour le moment,"C'est propre pour le moment propre, le prix, la qualitÃ©...",
ReÃ§u dans un Ã©tat comme neuf,"La batterie du tÃ©lÃ©phone tiens bien, lâ€™Ã©cran nâ€™a aucune trace dâ€™usure, le chÃ¢ssis nâ€™a pas une seule rayure, je recommande ce produit, livraison plutÃ´t rapide et vendeur courtois, Ã  vite rÃ©pondu Ã  ma question","5,0 sur 5Â Ã©toiles"
Top malgrÃ© une petite cassure,"J'ai reÃ§u mon iPhone 4 jours seulement aprÃ¨s l'avoir commandÃ©, la communication avec le vendeur et le livreur a Ã©tÃ© top,  celui-ci fonctionnÃ© trÃ¨s bien pour l'instant, la capacitÃ© de batterie est Ã  100%, aucune rayure sur l'Ã©cran principal, livrÃ© avec un chargeur. NÃ©anmoins, j'ai Ã©tÃ© lÃ©gÃ¨rement dÃ©Ã§ue de constater une cassure sur un des coins de mon iPhone, bien visible. J'Ã©tais bien consciente qu'il s'agissait d'un iPhone reconditionnÃ©, nÃ©anmoins, pour le prix payÃ© (589â‚¬) je m'attendais Ã  quelque chose de moins visible.Je recommande nÃ©anmoins ce vendeur pour toutes les bonnes raisons Ã©numÃ©rÃ©es au-dessus !",
Ã‰cran qui se dÃ©colle,"ReÃ§u aujourdâ€™hui, le bas de lâ€™Ã©cran qui es pas dans le chÃ¢ssis. Et ne reste pas dans le chÃ¢ssis non plus quand on appuyÃ© dessu. ( batterie gonflÃ©e ????)",
Bon produit,Excellent qualitÃ© prix,"5,0 sur 5Â Ã©toiles"
Iphone XR,"CapacitÃ© de batterie Ã  100%, tÃ©lÃ©phone en trÃ¨s bonne Ã©tat reÃ§u rapidement","5,0 sur 5Â Ã©toiles"
Bof ! Batterie nul !!!,"La face avant et arriÃ¨re nâ€™ont pas une griffeMais la batterie est Ã  79% et demande dÃ©jÃ  Â«Â rÃ©parationÂ Â» et le bouton latÃ©ral droit pour verrouiller fonctionne 1x sur 3, bref Ã§a dÃ©pannera mais on ne mâ€™y reprendra pas Ã  acheter 2x",
TrÃ¨s satisfait de mon achat,"L appareil correspond Ã  la description. TrÃ¨s bon Ã©tat, il y a meme une protection d Ã©cran installÃ©e. Une rayure sur le cercle de protection de l objectif mais qui n est pas du tout genante.Le tÃ©lÃ©phone est arrivÃ© avec 24h d avance, c est toujours trÃ¨s apprÃ©ciable. L emballage est soignÃ©. Les accessoires fonctionnent.Certains puristes regretteront que la batterie ne soit pas Ã  100% mais cela ne me gene pas et aprÃ¨s 2 jours d utlisation j ai de meilleur performances qu avec mon iPhone 7.J ai mis beaucoup de temps Ã  le lancer dans l achat d un tÃ©lÃ©phone reconditionnÃ© et je suis trÃ¨s satisfait aujourd hui. Je prÃ©cise que j ai attendu une vente d un vendeur franÃ§ais","5,0 sur 5Â Ã©toiles"
iphone XR 64 go,"bon appareil, assez complet, de grand format,, son poids me semble un peu Ã©levÃ© aprÃ¨s avoir utilisÃ© un iphone SE, mais ce n'est pas le mÃªme forma......je suis trÃ¨s content de mon achat, le modÃ¨le reconditionnÃ© reÃ§u Ã©tant impeccable et la batterie Ã  95%.merci au vendeur",
Conforme Ã  mes attentes,"Absolument ravie, capacitÃ© de la batterie de 97% soit quasi neuve.Aucune rayure.","5,0 sur 5Â Ã©toiles"
Bruit anormal,A rÃ©ception du tÃ©lÃ©phone bruit anormal Ã  l'intÃ©rieur et au bout de quelques jours le tÃ©lÃ©phone ne chargÃ© plus ..Retour effectuÃ© le 14/10/22 Ã  ce jour toujours aucune nouvelle..,
Pas top,Le verre de l iPhone plein de petite rayure dessus pour le prix c est inadmissible son  emballage  pas terrible mÃªme pas un film de protection sur Ã©cran  la boÃ®te est pas origine  le tel pas bien calÃ© pour le transport sinon la livraison c est bien passÃ©  dans les temps mais dessus par le tÃ©lÃ©phone avec c est rayures,
la fonctionnalitÃ© - le son est inaudible,"j'ai dÃ» demander un retour. la qualitÃ© des appels sont inaudibles - tous les appels sont annones et entrecoupÃ©s La sonnerie fonctionne une fois sur 2, j'ai pleins d'appels en abscences.",
Ras,"ReÃ§u depuis quelques jours reÃ§u avec 91% de batterie, quelques petites tache de dÃ©coloration au niveau du chargeur mais sinon le tÃ©lÃ©phone et dans un Ã©tat irrÃ©prochable, reÃ§u avec un verre trempÃ© dÃ©jÃ  dÃ©Ã§u ğŸ‘Œ",
iPhone XR reconditionnÃ©,"Bonjour,TrÃ¨s heureux !Je viens de recevoir mon iPhone XR reconditionnÃ©. Ã‰tat impeccable, pas de rayures sur lâ€™Ã©cran !Dâ€™autre part, ce qui est formidable , câ€™est quâ€™il a Ã©tÃ© livrÃ© en moins de 48h00!Le bÃ©mol, câ€™est que la batterie nâ€™est quâ€™Ã  96%!Ã€ bientÃ´t",
Ã‰cran tactile non conforme,TÃ©lÃ©phone reconditionnÃ©. En trÃ¨s bon Ã©tat en apparence.La garantie me permet trÃ¨s facilement de retourner lâ€™article dÃ©fectueux. Pas dâ€™Ã©change possible mais un remboursement est possible que jâ€™attends depuis plusieurs semaine.Contact avec le vendeur Ã  revoirâ€¦,
Au top,"Impeccable avec tout les accessoires dont une coque,  en plus jâ€™ai commandÃ© un 64g jâ€™ai reÃ§u un 128g la batterie es Ã  91%. Mon fils est ravi ğŸ¤© micro rayures sur lâ€™Ã©cran je pense quâ€™avec un verre trempÃ© elle ne se verra plus, merci je recommande","5,0 sur 5Â Ã©toiles"
Parfait !!!!! SAUF LES CÃ”TÃ‰ DU TÃ‰LÃ‰PHONE ILS SON TOUT PLEIN DE COUP ğŸ˜,parfait !Sauf les cÃ´tÃ© du tÃ©lÃ©phone ğŸ˜ ils son tout plein de coup !!!,
La batterie n'est pas reconditionner ...,J'ai reÃ§u un iPhone dit en excellent Ã©tat sauf que ... la batterie est a 82% soit 2% avant le seuil prÃ©vu par Apple pour changer la batterie... et j'ai un doute sur la qualitÃ© du reconditionneur !,
les iPhone et super mais je mi ma carte sim free et Ã§a marche pas,super mais je trouve Ã§a insolent que ma carte sim free ne marche pas dans cette iPhone xr,
ETAT DU TELEPHONE,"L'Ã©tat du tÃ©lÃ©phone dÃ©clarÃ© par le vendeur comme en parfait Ã©tat, laisse Ã  dÃ©sirer. Le tÃ©lÃ©phone prÃ©sente des poques Ã  divers endroit, et l'appareil photo, l'annonce vendeur annonÃ§ait pourtant trace non visible Ã  vu d'Å“il.Une coque fait l'affaire mais je suis dÃ©Ã§ue de son Ã©tat. Surtout que j'ai eu le choix et que j'ai pris le plus chÃ¨re pour justement Ã©viter ce genre de problÃ¨me. Si j'avais su, j'aurai pris le tÃ©lÃ©phone proposÃ© en Ã©tat correct Ã  presque 100 euros de moins.Geste commercial du vendeur Ã  hauteur de 15 euros.A voir avec le temps, pour l'instant il fonctionne hormis la batterie qui se dÃ©charge trÃ¨s vite.",
Top achat,"Vraiment un bon produit, super, comme neuf ! Merci","5,0 sur 5Â Ã©toiles"
problÃ¨me de tactile trÃ¨s importent,"bonjour suite a mon achat d'un iPhone xr j""ai que des problÃ¨me avec le tactile je suis toujours obliger de retourner a l""ecran de verouillage alors que le tÃ©lÃ©phone et Ã©tat correcte sur vote site et que j'ai aucun papier et je les quand mÃªme achetÃ© 300e donc j'aimerai avoir un geste commerciale cordialement monsieur Guilmot Dylan",
le chargeur est de trÃ¨s mauvaise qualitÃ© et mâ€™a lachÃ©,"le tÃ©lÃ©phone est parfait, il est arrivÃ© avec 100% de batterie et sans Ã©gratignure mais le chargeur mâ€™a lÃ¢cher pendant une soirÃ©e!! heureusement que jâ€™en avais un autre de secouer dans ma voiture!",
C bon,"Pour le moment aucun soucis pour le Xr recondicionnÃ©, stockage ram .. identique Ã  l'annonce du produit","5,0 sur 5Â Ã©toiles"
Bien,"TÃ©lÃ©phone reÃ§u en moins de 24h !Les seuls points nÃ©gatifs constatÃ©s sont la capacitÃ© maximale de la batterie de 91% et les micro-rayures sur lâ€™Ã©cran. Rien dâ€™Ã©tonnant pour un tÃ©lÃ©phone reconditionnÃ© !  A part ces Ã©lÃ©ments, tout fonctionne correctement (en particulier le tactile et micro ğŸ‘ŒğŸ¼) . Je complÃ©terai ce commentaire aprÃ¨s quelques jours dâ€™utilisation.",
iPhone ğŸ“±XR,IntÃ©ressant bien iPhone XR jâ€™aime bien ğŸ¤©,"5,0 sur 5Â Ã©toiles"
Etat quasi neuf !,"Etat du smartphone vraiment impeccable. Aucunes rayures, Ã©tat quasiment neuf. CapacitÃ© de batterie Ã  100%. LivrÃ© avec des Ã©couteurs.A voir dans le temps, mais j'Ã©tais franchement rÃ©ticent Ã  me lancer sur un reconditionnÃ© et pour le coup je ne regrette absolument pas mon achat. Cette Ã©valuation concerne le vendeur Jifou.","5,0 sur 5Â Ã©toiles"
Un tÃ©lÃ©phone a un prix trÃ¨s raisonnable,"Conforme Ã  mes attente . Attention nâ€™arrive pas dans son emballage dâ€™origine, mais trÃ¨s bien emballÃ©","5,0 sur 5Â Ã©toiles"
Tres bon produit,PremiÃ¨re fois que je commande un tÃ©lÃ©phone reconditionnÃ©.  Pas du tous dessus . Correspond exactement Ã  mes attente,
SÃ©rieux,Rapport qualitÃ© prix,
Au top,R A S,"5,0 sur 5Â Ã©toiles"
Appareil non fiable,"Un premier iphone XR reÃ§u mais impossible de l'utiliser car le stabilisateur ne fonctionnait pas et les photos Ã©taient donc troubles. Un second appareil reÃ§u aprÃ¨s plus d'une semaine d'Ã©changes et au bout de 48 heures l'Ã©cran devient noir et impossible de le redÃ©marrer.  J'ai pourtant achetÃ© un appareil avec un ""excellent Ã©tat"" . Certainement des appareils qui sont reconditionnÃ©s avec des piÃ¨ces de mauvaise qualitÃ© et qui lÃ¢che tout de suite. Je dÃ©conseille",
batterie qui gonfle,"bonjour,j ai acheter le tÃ©lÃ©phone en aout et 4 mois aprÃ¨s la vitre de devant et de derriÃ¨re se dÃ©colle ...et le tÃ©lÃ©phone se coupe quand il reste 30 a 40 % de batterieje pense que c est la batterie qui doit gonfler, elle deviens dÃ©fectueuses et dÃ©coller des vitresj ai fait une demande de prise en charge au prÃ¨s du vendeur j attend le retour .mÃªme si c est du reconditionner en 4 mois un tÃ©lÃ©phone a 400# je trouve cela vraiment abusÃ© !!j espÃ¨re que le vendeur est attentifs er rÃ©actif a ce sujet .",
Parfait !,"Le produit multimÃ©dia n'a pas pu Ãªtre chargÃ©.
                



Â Jâ€™aime beaucoup ma commande, je suis satisfaite ! Je vous recommande cet article ! Il chauffe pas beaucoup, il prend un peu de temps Ã  charger mais je pense que câ€™est lâ€™habitude. Je lâ€™ai reÃ§u sans aucune rayure, et le vendeur rÃ©pond trÃ¨s vite Ã  vos messages",
Satisfaite,"TÃ©lÃ©phone en trÃ¨s bon Ã©tat, vitre protÃ©gÃ©e, batterie Ã  87%Câ€™est dans les critÃ¨res rien Ã  dire , mon fils est content","5,0 sur 5Â Ã©toiles"
Ghost screen et batterie en surchauffe dÃ¨s le 2 Ã¨me jour dâ€™utilisation,"Premier tÃ©lÃ©phone reconditionnÃ© achetÃ© Amazon. Je remarque trÃ¨s rapidement que mon Ã©cran bougeait tout seul, comme si on cliquait sur le haut de lâ€™Ã©cran. Je lâ€™ai remarquÃ© dÃ¨s le 2 eme jour dâ€™utilisation. Par ailleurs, quand je mettais le tÃ©lÃ©phone Ã  charger, ET la batterie chauffait Ã©normÃ©ment, ET le boÃ®tier Ã©galement.Petite note: le cÃ¢ble reÃ§u avec le tÃ©lÃ©phone Ã©tait endommagÃ©.MalgrÃ© des tests avec un chargeur dâ€™origine Apple, la batterie surchauffait toujours. Jâ€™ai donc retournÃ© mon article.Edit : le retour ne s'est pas effectuÃ© correctement, apparemment ils auraient reÃ§u le mauvais modÃ¨le. Du coup pas de remboursement ni de tÃ©lÃ©phone. Arnaque Ã  Ã©viter !!!Petit plus : lâ€™article est arrivÃ© rapidement et le contenant est tout Ã  fait acceptable. Pas de rayures visibles sur le tÃ©lÃ©phone.",
TrÃ¨s satisfaite de mon achat,"ArrivÃ© en trÃ¨s bon Ã©tat, avec vitre de protection dÃ©jÃ  posÃ©e ! Il n'y a pas d'Ã©couteurs dans la boÃ®te mais Ã§a ne me pose pas de problÃ¨me puisque j'ai dÃ©jÃ  les miens.Aucune rayure, aucun impact.Je n'ai pas mis la derniÃ¨re Ã©toile car j'attends de voir s'il fonctionne sur la durÃ©e !Si j'y pense je ferai une update dans quelques temps.",
bien reconditionnÃ©,bien reconditionnÃ© et bonne qualitÃ©,
Au top,"Rien Ã  dire, Ãªtre parfait, pas de rayures ni de coup, fonctionne impeccable !","5,0 sur 5Â Ã©toiles"
1 chance sur 2,"Ã‰tat non excellentâ€¦ Ã©normÃ©ment rayÃ©e.Ã‰tat de la batterie 85%, pas 95 comme annoncÃ©. Fonctionne bien mais dÃ©Ã§u",
Piteux Ã©tat,"Le tÃ©lÃ©phone Ã©tait qualifiÃ© ""excellent Ã©tat "" et pourtant il Ã©tait dÃ©tÃ©riorÃ© et trÃ¨s sale ! Absolument pas reconditionnÃ© et mÃªme pas nettoyÃ© !",
Produit en mauvais Ã©tat,Le grade n'est pas prÃ©cisÃ©. ReÃ§u tÃ©lÃ©phone griffÃ© de partout avec Ã©clats sur la coque et au niveau de la batterie. Ã‰cran plein de traces de doigts. Je l'ai renvoyÃ© aussitÃ´t.,
Quelques dÃ©fauts seulement,Bonus :- arrivÃ© 1 jour plus tÃ´t en pÃ©riode de confinement.- excellent Ã©tat presque comme neuf pour un reconditonnÃ©.- plusieurs accessoires fournis.Malus :- emballÃ© dans une boÃ®te trÃ¨s trÃ¨s peu esthÃ©tique.- fournis sans Ã©couteur Ã©videmment.- quelques rayures visible Ã  + 20cm ( 2 poques ).Pour le prix 4/5.,
Parfait !,"ReÃ§u trÃ¨s rapidement par Chronopost et bien emballÃ©. Fourni avec des Ã©couteurs + adapteur + cÃ¢ble.J'ai testÃ© la rÃ©activitÃ© du SAV car le lendemain de la livraison mon iPhone c'est arrÃªtÃ© d'un coup sans que je puisse le redÃ©marrer. J'ai contactÃ© le sav et j'ai tout de suite reÃ§u un mail avec une procÃ©dure de renvoi gratuit.Finalement pas besoin de renvoi, l'IPhone s'Ã©tait arrÃªtÃ© Ã  cause du froid (-5Â°) et j'ai fini par rÃ©ussir Ã  le redÃ©marrer.A noter : le tÃ©lÃ©phone n'a absolument aucune rayure, ni aucun dÃ©faut d'usure. :o)","5,0 sur 5Â Ã©toiles"
Batterie a changer,Quel ne fut pas ma surprise de constater une performance dâ€™etat de batterie a 83% alors que je lâ€™ai payÃ© le tÃ©lÃ©phone prÃ¨s de deux fois le prix dâ€™un occasion ğŸ˜¡Je peut juste la faire changerarnaque a fuir,
iPhone comme neuf,"Alors vraiment super contente car pour un iPhone reconnditinnÃ© est comme neuf Ã©cran et coque Nickel seul la peinture est lÃ©gÃ¨rement Ã©caillÃ© au niveau du connecteur  Il a Ã©tÃ© livrÃ© avec une protection en silicone transparente et un verre trempÃ©, moi qui avait prÃ©vu la coque et le verre jâ€™ai tout renvoyÃ© pour me faire rembourser. Niveau de la batterie est Ã  92% rien Ã  redire  Moi qui suis plutÃ´t AndroÃ¯d jâ€™ai voulu te rÃ©essayer un iPhone et vraiment conquis . Ne pas hÃ©siter pour commander chez ce vendeur je le recommande et dâ€™ailleurs je repasserai par lui pour mon prochain tÃ©lÃ©phone.","5,0 sur 5Â Ã©toiles"
FUIR !!!,"Le tÃ©lÃ©phone a marchÃ© durant 5min (le temps de creer une adresse et de se connecter) avant de ne plus du tout fonctionner et Ãªtre dÃ©tectÃ©, le vendeur refuse le remboursement, vraiment fuyez",
Pas de boÃ®te,"Il fonctionne mais lâ€™iPhone est arrivÃ© dans un colis, sans boÃ®te pour le protÃ©ger. Il Ã©tait juste dans un simple papier bulle! Pour un iPhone Ã  500â‚¬ Il serait prÃ©fÃ©rable quâ€™il soit dans une boÃ®te pour Ãªtre vraiment protÃ©gÃ© !",
hyper satisfait du produit,"au dÃ©but j'ai achetÃ© chez backmarket, ""comme tout le monde"", mon appareil Ã  762 eurs arrive avec le tactile en panne ... repart chez eux, revient chez moi ... je perds 15 jours ! et un autre m'est livrÃ© avec l'Ã©cran rayÃ© sur 5 cm ... je fait une rÃ©clamation et on me propose un avoir de 20 euros en dÃ©domagement ! Ã§a faisait bien 40 ans que personne ne s'Ã©tait moquÃ© de moi autant, j'ai donc renvoyÃ© chez backmarket et demandÃ© le remboursement ! j'ai commandÃ© chez amazon et la j'ai reÃ§u un super tÃ©lÃ©phone MERCI !","5,0 sur 5Â Ã©toiles"
iPhone en panne au bout de 3 semaines,Lâ€™iPhone ne sâ€™allume plus au bout de 3 semaines .Je lâ€™ai achetÃ© pour ma fille Ã  noÃ«l !Les boules â€¦â€¦â€¦â€¦:Bien sÃ»r en nÃ©gociation avec le SAV maintenantâ€¦â€¦ la galÃ¨re !,
SÃ©rieux,"Le sÃ©rieux habituel d'Amazon est au RVL'Iphone (pour l'instant) est trÃ¨s bien, conforme Ã  ce que nous attendions",
iPhone XR,Ce tÃ©lÃ©phone a un soucis de tactile lors de la rÃ©ception jâ€™ai comme de la colle qui dÃ©passais a la jonction de lâ€™Ã©cran et de lâ€™arriÃ¨re du tÃ©lÃ©phone,
fonctionne comme neuf et semble neuf DÃ©solÃ© mais ce n est pas le cas,Nombreuses traces d usures aussi bien sur la face avant que sur la face arriÃ¨re du tÃ©lÃ©phoneCertes il y a un protÃ¨ge Ã©cran mais sur les cotÃ©s ce n'est parfaitDe plus il faut Ã  l'usure voir si la batterie est performante,
parfait,"niquel tout marche , aucune rayure et produit conforme","5,0 sur 5Â Ã©toiles"
A fuir,"aprÃ¨s 10 mois , problÃ¨me de batterie , s Ã©teint , ne charge plus . Nous l avons renvoyÃ© mais câ€™est derniers on refusÃ© de prendre en charge la rÃ©paration prÃ©textant que l Ã©cran Ã©tait cassÃ© ( un Ã©cran cassÃ© et une batterie qui ne charge plus â€¦ou est le rapprochement ? â€¦.Bref â€¦.la rÃ©expÃ©dition du produit est extrÃªmement longue , Ã©tant notre outil de travail nous avons voulu gagner du temps et aller directement dans leur locaux le chercher mais il nous a Ã©tÃ© indiquÃ© qu il Ã©tait en cours de rÃ©expÃ©ditionâ€¦cela fait 8 jours et n est toujours envoyÃ© !!!!! Scandaleux . A fuir",
Meilleur tÃ©lÃ©phone re conditionner que jâ€™ai eu,"Autonomie de la batterie incroyable, aucune trace dâ€™usure le jour ou je lâ€™ai reÃ§u, lâ€™emballement Ã©tait parfait franchement au top, merci !!","5,0 sur 5Â Ã©toiles"
Neuf Ã  lâ€™intÃ©rieur mais pas Ã  lâ€™extÃ©rieur,"Bonjour,Jâ€™ai achetÃ© un iPhone XR blanc 128go reconsitionnÃ© a neuf mais celui prÃ©sente des impacts aux 4 coins de lâ€™appareil.Il fonctionne trÃ¨s bien et la batterie est 100% fonctionnel mais avec un appareil endommagÃ© sur les coins, ce nâ€™est pas un appareil complÃ¨tement reconditionne neuf .Jâ€™ai envoyÃ© un message au vendeur pour trouver une solution. A ce prix lÃ , il est tout Ã  fait lÃ©gitime quil soit exactement comme le description le dÃ©finit : neuf dâ€™apparence et dans les composant.Merci pour votre retour.",
Comme neuf,"Mise Ã  jour Juin 2021: L'appareil se comporte toujours parfaitement, trÃ¨s bonne tenue de la batterie.---------------------------------l'iphone XR est le meilleur tÃ©lÃ©phone que j'ai possÃ©dÃ©. AchetÃ© voici 2 ans, il est toujours aussi performant. J'apprÃ©cie son grand Ã©cran, sa soliditÃ© (aucune rayure ni sur la coque ni sur l'Ã©cran, sans aucune protection), sa fluiditÃ©. Je viens d'acheter le mÃªme modÃ¨le pour mon fils chez ce vendeur. L'appareil est comme neuf, avec film protecteur coque et Ã©cran. A un prix imbattable.Je recommande.","5,0 sur 5Â Ã©toiles"
Article conforme Ã  la description,TÃ©lÃ©phone parfait tout est bien.,"5,0 sur 5Â Ã©toiles"
Envoi de tÃ©lÃ©phone dÃ©fectueux. Pas sÃ©rieux.,"Ce vendeur (MOONENERGY) se permet de m'envoyer un tÃ©lÃ©phone dont le son n'a pas Ã©tÃ© vÃ©rifiÃ©. Son extrÃªmement faible mÃªme avec tous les rÃ©glages poussÃ©s Ã  fond. Ce mÃªme tÃ©lÃ©phone a Ã©tÃ© envoyÃ© avec une batterie capacitÃ© Ã  83% donc proche du remplacement prÃ©conisÃ© Ã  80%. Attention, en cas de retour (approuvÃ© par Amazon) il est toutefois Ã  vos frais (j'ai payÃ© 7,45â‚¬). Ce n'est pas tout : 12 jours aprÃ¨s le renvoi, je ne suis toujours pas remboursÃ© de ma dÃ©pense de 289â‚¬. Fuyez ce vendeur pas sÃ©rieux.Heureusement j'ai pu bÃ©nÃ©ficier de la garantie Amazon A Ã  Z, le tÃ©lÃ©phone et les frais m'ont Ã©tÃ© remboursÃ©s.Merci Amazon !",
Gros problÃ¨me,je dÃ©conseille probleme de face id au bout de 2 mois et Ã©cran qui se dÃ©colle,
